{"animations":{"animation.react_idle":{"loop":true,"bones":{"rightArm":{"rotation":{"0":[-1.106001,-2.92237,3.337212]},"position":{"0":[0,0,0]},"scale":{"0":[1,1,1]}},"leftLeg":{"rotation":{"0":[0,0,-3.069775]},"position":{"0":[0,0,0]},"scale":{"0":[1,1,1]}},"leftArm":{"rotation":{"0":[0,0,-2.572641]},"position":{"0":[0,0,0]},"scale":{"0":[1,1,1]}},"rightLeg":{"rotation":{"0":[0,0,1.31311]},"position":{"0":[0,0,0]},"scale":{"0":[1,1,1]}},"waist":{"rotation":{"0":[0,0,0],"2.066667":[0,0,0],"0.2666667":[0,0,0],"1.9":[0,0,0]},"position":{"0":[0,0,0],"2.066667":[0,-0.2459337,0],"0.2666667":[0,-0.002566265,0],"1.9":[0,-0.2459337,0]},"scale":{"0":[1,1,1],"2.066667":[1,1,1],"0.2666667":[1,1,1],"1.9":[1,1,1]}}}}},"format_version":"1.8.0"}