{"animations":{"animation.react_back_1":{"loop":false,"bones":{"rightArm":{"rotation":{"1.366667":[0,0,0],"0.3":[0,0,5.224597],"0.5333334":[0,0,3.619666],"0":[0,0,0],"0.8666667":[0,0,3.619666]},"position":{"1.366667":[0,0,0],"0.3":[0,0,0],"0.5333334":[0,0,0],"0":[0,0,0],"0.8666667":[0,0,0]},"scale":{"1.366667":[1,1,1],"0.3":[1,1,1],"0.5333334":[1,1,1],"0":[1,1,1],"0.8666667":[1,1,1]}},"body":{"rotation":{"0":[0,0,0],"1.366667":[0,0,0]},"position":{"0":[0,0,0],"1.366667":[0,0,0]},"scale":{"0":[1,1,1],"1.366667":[1,1,1]}},"leftLeg":{"rotation":{"0":[0,0,0],"1.366667":[0,0,0]},"position":{"0":[0,0,0],"1.366667":[0,0,0]},"scale":{"0":[1,1,1],"1.366667":[1,1,1]}},"root":{"rotation":{"0":[0,0,0],"1.366667":[0,0,0]},"position":{"0":[0,0,0],"1.366667":[0,0,0]},"scale":{"0":[1,1,1],"1.366667":[1,1,1]}},"waist":{"rotation":{"0.5333334":[-1.965302,-24.63182,-3.859101],"1.366667":[0,0,0],"0":[0,0,0],"0.8666667":[-1.965302,-24.63182,-3.859101]},"position":{"0.5333334":[0,0,0],"1.366667":[0,0,0],"0":[0,0,0],"0.8666667":[0,0,0]},"scale":{"0.5333334":[1,1,1],"1.366667":[1,1,1],"0":[1,1,1],"0.8666667":[1,1,1]}},"rightLeg":{"rotation":{"0":[0,0,0],"1.366667":[0,0,0]},"position":{"0":[0,0,0],"1.366667":[0,0,0]},"scale":{"0":[1,1,1],"1.366667":[1,1,1]}},"head":{"rotation":{"1.366667":[0,0,0],"0.3":[-5.68629,-98.21507,0],"0.5333334":[-12.86924,-98.21507,0],"0":[0,0,0],"0.8666667":[-12.86924,-98.21507,0]},"position":{"1.366667":[0,0,0],"0.3":[-0.1283712,9.818813e-15,0.8891773],"0.5333334":[-0.1283712,9.818813e-15,0.8891773],"0":[0,0,0],"0.8666667":[-0.1283712,0,0.8891773]},"scale":{"1.366667":[1,1,1],"0.3":[1,1,1],"0.5333334":[1,1,1],"0":[1,1,1],"0.8666667":[1,1,1]}},"leftArm":{"rotation":{"1.366667":[0,0,0],"0.3":[7.221964,-17.73903,-22.58269],"0.5333334":[5.003466,-12.28982,-15.64557],"0":[0,0,0],"0.8666667":[5.003466,-12.28982,-15.64557]},"position":{"1.366667":[0,0,0],"0.3":[-2.131628e-16,-2.566836e-15,1.565684],"0.5333334":[-1.476818e-16,-1.778336e-15,1.084725],"0":[0,0,0],"0.8666667":[0,0,1.084725]},"scale":{"1.366667":[1,1,1],"0.3":[1,1,1],"0.5333334":[1,1,1],"0":[1,1,1],"0.8666667":[1,1,1]}}}}},"format_version":"1.8.0"}