{"animations":{"animation.idle_torso_1":{"loop":true,"bones":{"rightArm":{"rotation":{"0":[0,0,0],"3.966667":[0,0,0.00114829],"1.966667":[0,0,1.44]},"position":{"0":[0,0,0.06482641],"3.966667":[0,0,0.064],"1.966667":[0,0,0.064]},"scale":{"0":[1,1,1],"3.966667":[1,1,1]}},"body":{"rotation":{"0":[0,0,0],"3.966667":[0,0,0]},"position":{"0.2666667":[0,-0.002566265,-0.08],"1.9":[0,-0.2459337,-0.078494],"2.066667":[0,-0.2459337,-0.078494],"0":[0,0,-0.08],"3.966667":[0,0,-0.08]},"scale":{"0":[1,1,1],"3.966667":[1,1,1]}},"leftArm":{"rotation":{"0":[0,0,0],"3.966667":[0,0,0],"1.966667":[0,0,-1.440429]},"position":{"0":[0.001447716,0,0.06482641],"3.966667":[0.001447716,0,0.064],"1.966667":[0.001447716,0,0.064]},"scale":{"0":[1,1,1],"3.966667":[1,1,1]}}}}},"format_version":"1.8.0"}