{"animations":{"animation.idle_back_1":{"loop":true,"bones":{"rightArm":{"rotation":{"0":[0,0,0.5],"3.966667":[0,0,0.5],"1.966667":[0,0,2]},"position":{"0":[-0.048,0,-0.112],"3.966667":[-0.048,0,-0.112]},"scale":{"0":[1,1,1],"3.966667":[1,1,1]}},"waist":{"rotation":{"0":[-1,-14.5,-1],"4":[-1,-14.5,-1]},"position":{"0":[0,0,0],"4":[0,0,0],"1.966667":[-8.067334e-17,-0.2268292,1.81515e-16]},"scale":{"0":[1,1,1],"4":[1,1,1]}},"head":{"rotation":{"0":[3.53083,-100,-3.389118]},"position":{"0":[0,9.818813e-15,0.8]},"scale":{"0":[1,1,1]}},"leftArm":{"rotation":{"0":[0,0,-5],"4":[0,0,-5],"1.966667":[0,0,-7]},"position":{"0":[0.224,0.016,0],"4":[0.224,0.016,0]},"scale":{"0":[1,1,1],"4":[1,1,1]}}}}},"format_version":"1.8.0"}