{"animations":{"animation.idle_bottom_1":{"loop":true,"bones":{"rightArm":{"rotation":{"0":[22,0,5],"4":[22,0,5],"1.966667":[22,0,3.5]},"position":{"0":[0,0,0],"4":[0,0,0]},"scale":{"0":[1,1,1],"4":[1,1,1]}},"leftLeg":{"rotation":{"0":[0,0,0],"4":[0,0,0]},"position":{"0":[1.122774e-17,0,0.144],"4":[1.122774e-17,0,0.144]},"scale":{"0":[1,1,1],"4":[1,1,1]}},"leftArm":{"rotation":{"0":[-0.5,-5.5,-4.5],"4":[-0.5,-5.5,-4.5],"1.966667":[0.5,-5.5,-2]},"position":{"0":[0,0,0],"4":[0,0,0]},"scale":{"0":[1,1,1],"4":[1,1,1]}},"rightLeg":{"rotation":{"0":[-3,-1,2.3],"4":[-3,-1,2.3]},"position":{"0":[1.122774e-17,-0.288,-1.184],"4":[1.122774e-17,-0.288,-1.184]},"scale":{"0":[1,1,1],"4":[1,1,1]}},"head":{"rotation":{"0":[45,0,0],"4":[45,0,0]},"position":{"0":[0,0,0],"4":[0,0,0]},"scale":{"0":[1,1,1],"4":[1,1,1]}},"body":{"rotation":{"0":[0,0,0],"4":[0,0,0]},"position":{"0":[0,-0.626612,0],"4":[0,-0.626612,0],"1.966667":[5.392475e-17,-0.8694675,-8.088712e-17]},"scale":{"0":[1,1,1],"4":[1,1,1]}}}}},"format_version":"1.8.0"}
//CelsiusRP 11-20