{
	"format_version": "1.10.0",
	"animations": {
		"animation.player.eatwave_attack_be": {
			"loop": true,
			"animation_length": 0.24,
			"bones": {
				"rightitem": {
					"rotation": {
						"0.04": [102.5, 7, 7],
						"0.08": [84, -16.75, -10.25],
						"0.12": [74.5, -44.5, -29.5],
						"0.15": [109.5, -6, -3.5],
						"0.18": [112.5, -2, 7],
						"0.22": [113.5, -1, 2]
					},
					"position": {
						"0.04": [12.3805, 16.67549, -16.30033],
						"0.08": [8.42, 17.33, -19.11],
						"0.12": [3.26653, 16.47756, -18.4137],
						"0.15": [15.84043, 20.2119, -17.02331],
						"0.18": [13.96104, 18.25535, -16.22341],
						"0.22": [13.96104, 18.25535, -16.22341]
					}
				}
			}
		},
		"animation.player.eatwave_vanilla_be": {
			"loop": true,
			"animation_length": 1.18,
			"bones": {
				"rightitem": {
					"rotation": [84.5, -54.5, -55],
					"position": {
						"0.13": [-0.42708, 17.37112, -17.80328],
						"0.19": [-1.57, 16.32, -18.9],
						"0.24": [-2.00366, 15.92001, -19.30618],
						"0.29": [-1.53, 16.36, -18.86],
						"0.34": [-0.42708, 17.37112, -17.80328],
						"0.4": [-1.57, 16.32, -18.9],
						"0.45": [-2.00366, 15.92001, -19.30618],
						"0.5": [-1.53, 16.36, -18.86],
						"0.55": [-0.42708, 17.37112, -17.80328],
						"0.61": [-1.57, 16.32, -18.9],
						"0.66": [-2.00366, 15.92001, -19.30618],
						"0.71": [-1.53, 16.36, -18.86],
						"0.76": [-0.42708, 17.37112, -17.80328],
						"0.82": [-1.57, 16.32, -18.9],
						"0.87": [-2.00366, 15.92001, -19.30618],
						"0.92": [-1.53, 16.36, -18.86],
						"0.97": [-0.42708, 17.37112, -17.80328],
						"1.03": [-1.57, 16.32, -18.9],
						"1.08": [-2.00366, 15.92001, -19.30618],
						"1.13": [-1.53, 16.36, -18.86],
						"1.18": [-0.42708, 17.37112, -17.80328]
					}
				}
			}
		},
		"animation.player.eatwave_attack_je": {
			"loop": true,
			"animation_length": 0.22,
			"bones": {
				"rightitem": {
					"rotation": {
						"0.03": [109.5, -6, -3.5],
						"0.06": [112.5, -2, 7],
						"0.1": [113.5, -1, 2],
						"0.14": [102.5, 7, 7],
						"0.18": [84, -16.75, -10.25],
						"0.22": [74.5, -44.5, -29.5]
					},
					"position": {
						"0.03": [15.84043, 20.2119, -17.02331],
						"0.06": [13.96104, 18.25535, -16.22341],
						"0.1": [13.96104, 18.25535, -16.22341],
						"0.14": [12.3805, 16.67549, -16.30033],
						"0.18": [8.42, 17.33, -19.11],
						"0.22": [3.26653, 16.47756, -18.4137]
					}
				}
			}
		},
		"animation.player.eatwave_vanilla_je": {
			"loop": true,
			"animation_length": 1.18,
			"bones": {
				"rightitem": {
					"rotation": [84.5, -52.5, -53],
					"position": {
						"0.13": [-1.06794, 16.76954, -18.28014],
						"0.19": [-2.21, 15.71, -19.37],
						"0.24": [-2.64452, 15.31843, -19.78304],
						"0.29": [-2.17, 15.75, -19.33],
						"0.34": [-1.06794, 16.76954, -18.28014],
						"0.4": [-2.21, 15.71, -19.37],
						"0.45": [-2.64452, 15.31843, -19.78304],
						"0.5": [-2.17, 15.75, -19.33],
						"0.55": [-1.06794, 16.76954, -18.28014],
						"0.61": [-2.21, 15.71, -19.37],
						"0.66": [-2.64452, 15.31843, -19.78304],
						"0.71": [-2.17, 15.75, -19.33],
						"0.76": [-1.06794, 16.76954, -18.28014],
						"0.82": [-2.21, 15.71, -19.37],
						"0.87": [-2.64452, 15.31843, -19.78304],
						"0.92": [-2.17, 15.75, -19.33],
						"0.97": [-1.06794, 16.76954, -18.28014],
						"1.03": [-2.21, 15.71, -19.37],
						"1.08": [-2.64452, 15.31843, -19.78304],
						"1.13": [-2.17, 15.75, -19.33],
						"1.18": [-1.06794, 16.76954, -18.28014]
					}
				}
			}
		},
		"animation.player.eatwave_attack_blc": {
			"loop": true,
			"animation_length": 0.47,
			"bones": {
				"rightitem": {
					"rotation": {
						"0.03": [108, -1.5, -5],
						"0.06": [113, 7.5, 3.5],
						"0.1": [103.5, 6.5, 4.5],
						"0.14": [95.5, 7, 7],
						"0.18": [66.5, -15, -1],
						"0.22": [69.5, -22.5, -15.5],
						"0.28": [108, -1.5, -5],
						"0.31": [113, 7.5, 3.5],
						"0.35": [103.5, 6.5, 4.5],
						"0.39": [95.5, 7, 7],
						"0.43": [66.5, -15, -1],
						"0.47": [69.5, -22.5, -15.5]
					},
					"position": {
						"0.03": [11.46684, 25.1601, -22.3806],
						"0.06": [14.74547, 22.10256, -17.91797],
						"0.1": [13.07924, 20.53844, -19.15782],
						"0.14": [13.57584, 18.18225, -19.80758],
						"0.18": [6.30893, 14.98516, -22.91954],
						"0.22": [2.17422, 17.10887, -21.93624],
						"0.28": [11.46684, 25.1601, -22.3806],
						"0.31": [14.74547, 22.10256, -17.91797],
						"0.35": [13.07924, 20.53844, -19.15782],
						"0.39": [13.57584, 18.18225, -19.80758],
						"0.43": [6.30893, 14.98516, -22.91954],
						"0.47": [2.17422, 17.10887, -21.93624]
					}
				}
			}
		},
		"animation.player.eatwave_attack_be_during": {
			"loop": "hold_on_last_frame",
			"animation_length": 0.13,
			"bones": {
				"rightitem": {
					"rotation": {
						"0.0": [0, 0, 0],
						"0.05": [84.23, -4.62, -2.69],
						"0.13": [109.5, -6, -3.5]
					},
					"position": {
						"0.0": [0, 0, 0],
						"0.05": [12.18, 15.55, -13.09],
						"0.13": [15.84043, 20.2119, -17.02331]
					}
				}
			}
		},
		"animation.player.eatwave_vanilla_be_during": {
			"loop": "hold_on_last_frame",
			"animation_length": 0.15,
			"bones": {
				"rightitem": {
					"rotation": {
						"0.0": [0, 0, 0],
						"0.05": [56.33, -36.33, -36.67],
						"0.15": [84.5, -54.5, -55]
					},
					"position": {
						"0.0": [0, 0, 0],
						"0.05": [-0.28, 11.58, -11.87],
						"0.15": [-0.42708, 17.37112, -17.80328]
					}
				}
			}
		},
		"animation.player.eatwave_attack_je_during": {
			"loop": "hold_on_last_frame",
			"animation_length": 0.13,
			"bones": {
				"rightitem": {
					"relative_to": {
						"rotation": "entity"
					},
					"rotation": {
						"0.0": [0, 0, 0.01],
						"0.05": [84.23, -4.62, -2.69],
						"0.13": [109.5, -6, -3.5]
					},
					"position": {
						"0.0": [0, 0, 0],
						"0.05": [12.18, 15.55, -13.09],
						"0.13": [15.84043, 20.2119, -17.02331]
					}
				}
			}
		},
		"animation.player.eatwave_vanilla_je_during": {
			"loop": "hold_on_last_frame",
			"animation_length": 0.15,
			"bones": {
				"rightitem": {
					"rotation": {
						"0.0": [0, 0, 0],
						"0.05": [56.33, -35, -35.33],
						"0.15": [84.5, -52.5, -53]
					},
					"position": {
						"0.0": [0, 0, 0],
						"0.05": [-0.71, 11.18, -12.19],
						"0.15": [-1.06794, 16.76954, -18.28014]
					}
				}
			}
		},
		"animation.player.eatwave_attack_be_offhand": {
			"loop": true,
			"animation_length": 0.22,
			"bones": {
				"rightitem": {
					"rotation": {
						"0.03": [-1191.21675, -14.61856, -3234.08594],
						"0.06": [-1191.21675, 0.38144, -3230.08594],
						"0.1": [-1191.21675, 0.38144, -3231.58594],
						"0.14": [-1186.21675, 5.38144, -3236.58594],
						"0.18": [-1161.21675, 20.38144, -3224.08594],
						"0.22": [-1131.21675, 52.88144, -3204.08594]
					},
					"position": {
						"0.03": [-3.98899, -0.45431, 31.48989],
						"0.06": [-4.18125, -0.63479, 31.34683],
						"0.1": [-4.62985, -1.0559, 31.01303],
						"0.14": [-5.27071, -1.65748, 30.53616],
						"0.18": [-7.60155, -2.38113, 28.29039],
						"0.22": [-11.73328, -0.69073, 26.46792]
					}
				}
			}
		},
		"animation.player.eatwave_vanilla_be_offhand": {
			"loop": true,
			"animation_length": 0.97,
			"bones": {
				"rightitem": {
					"rotation": [-1096.21675, 63.88144, -3172.08594],
					"position": {
						"0.13": [-12.82559, -0.05942, 22.94538],
						"0.19": [-13.76, -0.93, 22.25],
						"0.24": [-14.1073, -1.26259, 21.99165],
						"0.29": [-13.72, -0.9, 22.28],
						"0.34": [-12.82559, -0.05942, 22.94538],
						"0.4": [-13.76, -0.93, 22.25],
						"0.45": [-14.1073, -1.26259, 21.99165],
						"0.5": [-13.72, -0.9, 22.28],
						"0.55": [-12.82559, -0.05942, 22.94538],
						"0.61": [-13.76, -0.93, 22.25],
						"0.66": [-14.1073, -1.26259, 21.99165],
						"0.71": [-13.72, -0.9, 22.28],
						"0.76": [-12.82559, -0.05942, 22.94538],
						"0.82": [-13.76, -0.93, 22.25],
						"0.87": [-14.1073, -1.26259, 21.99165],