{
	"format_version": "1.10.0",
	"animations": {
		"animation.player.1stbase_offhand": {
			"loop": true,
			"bones": {
				"rightitem": {
					"rotation": [-60, 5, 200],
					"position": [8.94249, -0.98162, -26.82148]
				}
			}
		},
		"animation.player.1stwave_attack_offhand": {
			"animation_length": 0.4,
			"anim_time_update": "(v.attack_time * 0.3)",
			"bones": {
				"rightitem": {
					"rotation": {
						"0.0": [0, 0, 0],
						"0.03": [-44.5, 6.5, -60.5],
						"0.06": [-47.5, 1.5, -57.5],
						"0.1": [-40, 4, -52.5],
						"0.13": [-32.5, 4, -52.5],
						"0.16": [-16.5, 11.5, -42],
						"0.2": [-16.5, 4, -19.5],
						"0.23": [-16.5, 14, -4.5],
						"0.26": [-9.43, 8, -2.57],
						"0.3": [0, 0, 0],
						"0.4": [0, 0, 0]
					},
					"position": {
						"0.0": [0, 0, 0],
						"0.03": [6.05923, -2.4032, 15.85908],
						"0.06": [8.32382, -0.37355, 18.64335],
						"0.1": [8.62265, 0.00314, 17.76654],
						"0.13": [9.22032, 0.75652, 16.01291],
						"0.16": [9.11306, 0.84815, 13.73473],
						"0.2": [8.7372, -4.97743, 11.1039],
						"0.23": [8.39518, -5.20233, 9.75022],
						"0.26": [4.8, -2.97, 5.57],
						"0.3": [0, 0, 0],
						"0.4": [0, 0, 0]
					}
				}
			}
		},
		"animation.player.1stdefense_offhand": {
			"loop": true,
			"bones": {
				"rightitem": {
					"rotation": [-185.31054, 21.56389, 104.33393],
					"position": [4.92365, 8.69753, -6.41878]
				}
			}
		},
		"animation.player.1stwave_defense_offhand": {
			"animation_length": 0.36,
			"anim_time_update": "(v.attack_time * 0.3)",
			"bones": {
				"rightitem": {
					"rotation": {
						"0.0": [0, 0, 0],
						"0.03": [-7.5, -31, -16],
						"0.06": [-7.5, -63.5, -21],
						"0.1": [7.5, -64.5, -46],
						"0.13": [7.5, -49.5, -46],
						"0.16": [7.5, -19.5, -46],
						"0.2": [5, -7, -28.5],
						"0.23": [5, -2, -16],
						"0.26": [0, 0, 0],
						"0.3": [0, 0, 0]
					},
					"position": {
						"0.0": [0, 0, 0],
						"0.03": [2.56274, 2.69419, -1.39059],
						"0.06": [5.9363, 6.53418, -6.57456],
						"0.1": [4.99661, 5.5559, -6.17461],
						"0.13": [4.1001, 4.42584, -3.54417],
						"0.16": [2.11699, 0.61907, 0.98747],
						"0.2": [0.30386, -2.64348, 1.24888],
						"0.23": [0.30386, -2.64348, 1.24888],
						"0.26": [0, 0, 0],
						"0.3": [0, 0, 0]
					}
				}
			}
		}
	}
}