{
	"format_version": "1.10.0",
	"animations": {
		"animation.player.1stbase_blocks": {
			"loop": true,
			"bones": {
				"rightitem": {
					"rotation": [35.83888, 35.41784, -111.50366],
					"position": [22.16384, 3.52882, 8.96424]
				}
			}
		},
		"animation.player.3rdbase_blocks": {
			"loop": true,
			"bones": {
				"rightitem": {
					"rotation": [155, 42.5, -197.5],
					"position": [-4.5, -6, -4],
					"scale": 0.38
				}
			}
		},
		"animation.player.1stwave_blocks_attack": {
			"animation_length": 0.46,
			"anim_time_update": "(v.attack_time * 0.3)",
			"bones": {
				"rightitem": {
					"rotation": {
						"0.0": [0, 0, 0],
						"0.04": [30.6, 33.34, -30.34],
						"0.08": [38.1, 35.84, -32.84],
						"0.11": [25.7, 36.84, -44.77],
						"0.15": [20.74, 37.24, -46.54],
						"0.21": [9.17, 38.17, -50.67],
						"0.27": [-0.38, 40.47, -35.47],
						"0.33": [0, 0, 0],
						"0.4": [0, 0, 0]
					},
					"position": {
						"0.0": [0, 0, 0],
						"0.04": [-3.89582, -5.07472, -15.3219],
						"0.08": [-0.45497, -2.51313, -14.69503],
						"0.11": [2.82171, 0.34317, -11.09627],
						"0.15": [6.17685, 3.41267, -8.13508],
						"0.21": [7.18346, 4.16221, -6.30037],
						"0.27": [4.29603, 1.92381, -1.54437],
						"0.33": [0, 0, 0],
						"0.4": [0, 0, 0]
					}
				}
			}
		}
	}
}