{
	"format_version": "1.10.0",
	"animations": {
		"animation.player.3rdcrossbow": {
			"loop": true,
			"bones": {
				"rightitem": {
					"rotation": [270, 0, -135],
					"position": [0, -20, -3]
				},
				"rightarm": {
					"rotation": ["query.get_animation_frame >= 2 ? -120", 0, 0]
				}
			}
		},
		"animation.crossbow.lbase": {
			"loop": true,
			"bones": {
				"rightitem": {
					"rotation": [-135, -45, 200],
					"position": [6, -17, 0]
				}
			}
		},
		"animation.crossbow.lduringo": {
			"animation_length": 0.49,
			"bones": {
				"rightitem": {
					"rotation": {
						"0.0": [-135, -45, 200],
						"0.19": [-135.52, -44.89, 199.83],
						"0.41": [-136.8, -44.63, 199.42],
						"0.49": [-138.25814, -44.33905, 198.94478]
					},
					"position": {
						"0.0": [6, -17, 0],
						"0.19": [6.81, -15.98, -2.38],
						"0.41": [8.8, -13.47, -8.23],
						"0.49": [11.08022, -10.59629, -14.90583]
					}
				}
			}
		},
		"animation.crossbow.obase": {
			"loop": true,
			"bones": {
				"rightitem": {
					"rotation": [-138.25814, -44.33905, 198.94478],
					"position": [11.08022, -10.59629, -14.90583]
				}
			}
		},
		"animation.crossbow.lshooting": {
			"loop": false,
			"bones": {
				"rightitem": {
					"rotation": {
						"0.0": [-365.06715, -150.58893, -211.99227],
						"0.48": [-365.06715, -150.58893, -211.99227],
						"0.54": [-360.07, -150.59, -211.99],
						"0.60": [-367.07, -150.59, -211.99],
						"0.69": [-365.06715, -150.58893, -211.99227]
					},
					"position": {
						"0.0": [1, 14, -23],
						"0.48": [1, 14, -23],
						"0.54": [1, 14, -23],
						"0.60": [1, 14, -23],
						"0.69": [1, 14, -23]
					}
				}
			}
		},
		"animation.crossbow.oshooting": {
			"loop": false,
			"bones": {
				"rightitem": {
					"rotation": {
						"0.0": [-368.23573, -151.70396, -210.64363],
						"0.48": [-368.23573, -151.70396, -210.64363],
						"0.54": [-365.23573, -151.70396, -210.64363],
						"0.60": [-370.23573, -151.70396, -210.64363],
						"0.69": [-368.23573, -151.70396, -210.64363]
					},
					"position": {
						"0.0": [8.1, 14, -33.5],
						"0.48": [8.1, 14, -33.5],
						"0.54": [8.1, 14, -33.5],
						"0.60": [8.1, 14, -33.5],
						"0.69": [8.1, 14, -33.5]
					}
				}
			}
		},
		"animation.crossbow.lreload": {
			"loop": true,
			"animation_length": 0.39,
			"bones": {
				"rightitem": {
					"rotation": {
						"0.0": [0, 0, 0],
						"0.09": [15, 0, 0],
						"0.18": [15, 0, 10],
						"0.3": [15, 0, 0],
						"0.39": [15, 0, 10]
					},
					"position": {
						"0.0": [0, 0, 0],
						"0.09": [0, 0, 0],
						"0.18": [0, 0, 0],
						"0.3": [0, 0, 0],
						"0.39": [0, 0, 0]
					}
				}
			}
		},
		"animation.crossbow.oreload": {
			"loop": true,
			"animation_length": 0.39,
			"bones": {
				"rightitem": {
					"rotation": {
						"0.0": [0, 0, 0],
						"0.09": [15, 0, 0],
						"0.18": [15, 0, 10],
						"0.3": [15, 0, 0],
						"0.39": [15, 0, 10]
					},
					"position": {
						"0.0": [0, 0, 0],
						"0.09": [0, 0, 0],
						"0.18": [0, 0, 0],
						"0.3": [0, 0, 0],
						"0.39": [0, 0, 0]
					}
				}
			}
		}
	}
}