{
	"format_version": "1.10.0",
	"animations": {
		"animation.player.1stbase": {
			"loop": true,
			"bones": {
				"rightitem": {
					"rotation": [-60, 5, 200],
					"position": [0.87391, -11.15222, -3.14751]
				}
			}
		},
		"animation.player.3rdbase": {
			"loop": true,
			"bones": {
				"rightitem": {
					"rotation": [0, 0, -180],
					"position": [5, -2.5, -9.5],
					"scale": 0.5
				}
			}
		},
		"animation.player.3rdtool": {
			"loop": true,
			"bones": {
				"rightitem": {
					"rotation": [0, 45, -90],
					"position": [0, -13.5, -7.5]
				}
			}
		},
		"animation.player.3rddefense": {
			"loop": true,
			"override_previous_animation": true,
			"bones": {
				"rightitem": {
					"rotation": [90, 60, -90],
					"position": [15, -2.5, -0.5]
				},
				"rightArm": {
					"rotation": [-55, 0, 0]
				}
			}
		},
		"animation.player.1stwave_attack": {//style1
			"animation_length": 0.4,
			"anim_time_update": "(v.attack_time * 0.30)",
			"bones": {
				"rightitem": {
					"rotation": {
						"0.0": [0, 0, 0],
						"0.03": [-6, 43.5, -68.5],
						"0.06": [-8.5, 51, -71],
						"0.1": [-11, 46, -71],
						"0.13": [-8.5, 38.5, -66],
						"0.16": [-3.5, 41, -38.5],
						"0.2": [-11.5, 35.5, -41],
						"0.23": [-9, 28, -41],
						"0.26": [6, 10.5, -16],
						"0.3": [0, 0, 0],
						"0.4": [0, 0, 0]
					},
					"position": {
						"0.0": [0, 0, 0],
						"0.03": [14.26459, 5.02965, -4.21573],
						"0.06": [15.84514, 6.6095, -4.13881],
						"0.1": [17.42569, 8.18936, -4.0619],
						"0.13": [18.7074, 9.39253, -3.10817],
						"0.16": [14.58396, 5.1551, -1.03131],
						"0.2": [13.68745, 4.02503, 1.59913],
						"0.23": [13.68745, 4.02503, 1.59913],
						"0.26": [10.25058, -0.66558, -0.44687],
						"0.3": [0, 0, 0],
						"0.4": [0, 0, 0]
					}
				}
			}
		},
		"animation.player.1stwave_attack3": {//style3
			"animation_length": 0.4,
			"anim_time_update": "(v.attack_time * 0.3)",
			"bones": {
				"rightitem": {
					"rotation": {
						"0.0": [0, 0, 0],
						"0.03": [4, 46, -46],
						"0.06": [14, 46, -48.5],
						"0.1": [15.5, 47.5, -46],
						"0.13": [6, 43.5, -44.5],
						"0.16": [3.5, 38.5, -44.5],
						"0.2": [-3.5, 36, -38.5],
						"0.23": [5, 20, -2.5],
						"0.26": [0, 10, -2.5],
						"0.3": [0, 0, 0],
						"0.4": [0, 0, 0]
					},
					"position": {
						"0.0": [0, 0, 0],
						"0.03": [12, 3, -7],
						"0.06": [13, 5, -10],
						"0.1": [13, 12, -7],
						"0.13": [14, 12, -5],
						"0.16": [14, 11, -5],
						"0.2": [14, 9, -3],
						"0.23": [5, 6, -5],
						"0.26": [3, 2, -2],
						"0.3": [0, 0, 0],
						"0.4": [0, 0, 0]
					}
				}
			}
		},
		"animation.player.1stdefense": {
			"loop": true,
			"bones": {
				"rightitem": {
					"rotation": [-12, 37, 118],
					"position": [5, 9, -9]
				}
			}
		},
		"animation.player.1stwave_defense": {
			"animation_length": 0.4,
			"anim_time_update": "(v.attack_time * 0.30)",
			"bones": {
				"rightitem": {
					"rotation": {
						"0.0": [0, 0, 0],
						"0.03": [-48, -3.5, -53],
						"0.06": [-69, 7, -93],
						"0.1": [-77, -10.5, -98],
						"0.13": [-69, -10, -89],
						"0.16": [-61, -17, -78],
						"0.2": [-51.5, -11.5, -49.5],
						"0.23": [-51.5, -13, -47],
						"0.26": [-38.5, -11, -32],
						"0.3": [-31.36, -9.29, -25.14],
						"0.33": [-26, -8, -20],
						"0.36": [0, 0, 0]
					},
					"position": {
						"0.0": [0, 0, 0],
						"0.03": [0, 3.5, 2.5],
						"0.06": [-4, 5.5, 5.5],
						"0.1": [-5.29884, 5.12331, 6.37681],
						"0.13": [-3.29884, 4.62331, 5.87681],
						"0.16": [-2.59767, 5.24662, 2.75363],
						"0.2": [2.27793, 1.66474, 2.80599],
						"0.23": [2.32043, 1.80079, 1.73843],
						"0.26": [2.14544, 0.5596, -0.51243],
						"0.3": [1.9807, -0.42601, -0.56391],
						"0.33": [1.85058, -1.18834, -0.56159],
						"0.36": [0, 0, 0]
					}
				}
			}
		},
		"animation.player.1stwave_defense_blc": {
			"animation_length": 0.4,
			"anim_time_update": "(v.attack_time * 0.30)",
			"bones": {
				"rightitem": {
					"rotation": {
						"0.0": [0, 0, 0],
						"0.03": [-48, -3.5, -53],
						"0.06": [-69, 7, -93],
						"0.1": [-77, -10.5, -98],
						"0.13": [-69, -10, -89],
						"0.16": [-61, -17, -78],
						"0.2": [-51.5, -11.5, -49.5],
						"0.23": [-51.5, -13, -47],
						"0.26": [-38.5, -11, -32],
						"0.3": [-31.36, -9.29, -25.14],
						"0.33": [-26, -8, -20],
						"0.36": [0, 0, 0],
						"0.4": [0, 0, 0]
					},
					"position": {
						"0.0": [0, 0, 0],
						"0.03": [2.76217, 1.98834, 2.79198],
						"0.06": [-1.23782, 3.98834, 5.79198],
						"0.1": [-2.53666, 3.61165, 6.66879],
						"0.13": [-0.53666, 3.11165, 6.16879],
						"0.16": [0.16451, 3.73496, 3.04561],
						"0.2": [5.04011, 0.15308, 3.09797],
						"0.23": [5.08261, 0.28913, 2.03041],
						"0.26": [4.90762, -0.95206, -0.22045],
						"0.3": [4.74288, -1.93767, -0.27193],
						"0.33": [4.61276, -2.7, -0.26961],
						"0.36": [0, 0, 0],
						"0.4": [0, 0, 0]
					}
				}
			}
		},
		"animation.player.1stwave_defense_blc2": {
			"animation_length": 0.18,
			"anim_time_update": "(v.attack_time * 0.3)",
			"bones": {
				"rightitem": {
					"rotation": {
						"0.0": [-29.1, 0.3, -29.7],
						"0.04": [-54.44, -6.22, -60.67],
						"0.09": [-70, -8, -78],
						"0.13": [-48.5, 0.5, -49.5],
						"0.18": [-29.1, 0.3, -29.7]
					},
					"position": {
						"0.0": [3.1, -1.91, -0.34],
						"0.04": [0.19625, 1.594, 1.83151],
						"0.09": [0.23076, 2.42896, 2.50712],
						"0.13": [5.12942, -2.30713, -0.20951],
						"0.18": [3.1, -1.91, -0.34]
					}
				}
			}
		},
		"animation.player.1stwave_defense_blc4": {
			"animation_length": 0.4,
			"anim_time_update": "(v.attack_time * 0.30)",
			"bones": {
				"rightitem": {
					"rotation": {
						"0.0": [0, 0, 0],
						"0.01": [-12, 3.67, -9.83],
						"0.02": [-24, 6.09, -25.92],
						"0.06": [-61, 8.33, -84.33],
						"0.13": [-65.37, -10.67, -81.05],
						"0.16": [-52.62, -11.62, -56.87],
						"0.2": [-46.65, -11.16, -47.64],
						"0.34": [0, 0, 0]
					},
					"position": {
						"0.0": [0, 0, 0],
						"0.01": [0.8, 0.37, 1.18],
						"0.02": [0.88289, 1.45442, 2.42163],
						"0.06": [-1.52704, 2.80056, 6.7122],
						"0.13": [-0.93522, 3.08286, 4.92003],
						"0.16": [4.02186, 0.28651, 2.52124],
						"0.2": [4.78297, -0.50386, 1.36078],
						"0.34": [0, 0, 0]
					}
				}
			}
		},
		"animation.player.1stwave_attack_roll": {
			"loop": true,
			"animation_length": 0.66,
			"bones": {
				"rightitem": {
					"rotation": {
						"0.0": [-2, 2, -27.83],
						"0.14": [-44.38, 46.26, -21.51],
						"0.22": [-81.88, 63.76, -41.51],
						"0.24": [-119.38, 67.43, -71.18],
						"0.26": [-160.38, 64.6, -94.84],
						"0.28": [-205.38, 38.76, -121.51],
						"0.4": [-232.88, 8.76, -119.01],
						"0.46": [-257.88, -8.74, -96.51],
						"0.52": [-277.88, -23.74, -89.01],
						"0.6": [-317.88, -21.24, -56.51],
						"0.66": [-340.38, -11.24, -34.01]
					},
					"position": {
						"0.0": [11.7411, -8.65644, 2.23453],
						"0.14": [6.82082, -8.4756, 8.61874],
						"0.22": [5.21721, -8.90124, 11.31081],
						"0.28": [1.57223, -3.92137, 9.92695],
						"0.4": [-4.10474, 0.71155, 5.4205],
						"0.46": [-0.06724, 3.99891, -2.05558],
						"0.52": [5.58961, -1.63642, -2.54861],
						"0.6": [9.72204, -4.40201, -4.60858],
						"0.66": [12.36107, -9.05416, -2.28628]
					}
				}
			}
		},
		"animation.player.1stdefense_blc4": {
			"loop": true,
			"bones": {
				"rightitem": {
					"rotation": [-19.06405, 35.00239, 106.6201],
					"position": [5.86429, 8.38342, -8.11881]
				}
			}
		},
		"animation.player.1stwave_defense_lunar": {
			"animation_length": 0.4,
			"anim_time_update": "(v.attack_time * 0.30)",
			"bones": {
				"rightitem": {
					"rotation": {
						"0.0": [0, 0, 0],
						"0.01": [-12, 3.67, -9.83],
						"0.02": [-24, 6.09, -25.92],
						"0.06": [-61, 8.33, -84.33],
						"0.13": [-65.37, -10.67, -81.05],
						"0.16": [-52.62, -11.62, -56.87],
						"0.2": [-46.65, -11.16, -47.64],