{
	"format_version": "1.10.0",
	"animations": {
		"animation.player.3rdbow": {
			"loop": true,
			"bones": {
				"rightitem": {
					"rotation": [0, 45, -90],
					"position": [2, -12, -1]
				}
			}
		},
		"animation.player.1stwave_bow1": {
			"loop": true,
			"animation_length": 0.52,
			"bones": {
				"rightitem": {
					"position": {
						"0.0": [0, 0, 0],
						"0.04": [-0.09, -0.09, -0.07],
						"0.07": [-0.12817, -0.12032, -0.09537],
						"0.1": [-0.09, -0.08, -0.07],
						"0.13": [0, 0, 0],
						"0.17": [-0.09, -0.09, -0.07],
						"0.2": [-0.12817, -0.12032, -0.09537],
						"0.23": [-0.09, -0.08, -0.07],
						"0.26": [0, 0, 0],
						"0.3": [-0.09, -0.09, -0.07],
						"0.33": [-0.12817, -0.12032, -0.09537],
						"0.36": [-0.09, -0.08, -0.07],
						"0.39": [0, 0, 0],
						"0.43": [-0.09, -0.09, -0.07],
						"0.46": [-0.12817, -0.12032, -0.09537],
						"0.49": [-0.09, -0.08, -0.07],
						"0.52": [0, 0, 0]
					}
				}
			}
		},
		"animation.player.1stwave_bow2": {
			"loop": "hold_on_last_frame",
			"animation_length": 0.6897,
			"bones": {
				"rightitem": {
					"rotation": {
						"0.0": [-18, 12, -17.5],
						"0.6897": [-15, 7, -15.5]
					},
					"position": {
						"0.0": [1.54757, -0.79925, -2.32338],
						"0.6897": [-1.04913, 0.47953, -1.29206]
					}
				}
			}
		},
		"animation.player.1stwave_bow3": {
			"loop": true,
			"bones": {
				"rightitem": {
					"rotation": [-5, 5, 0],
					"position": [-3, 1, -1]
				}
			}
		},
		"animation.player.1stwave_bow4": {
			"loop": "hold_on_last_frame",
			"animation_length": 0.68966,
			"bones": {
				"rightitem": {
					"rotation": {
						"0.0": [-3.5, 12, -11],
						"0.6897": [-2.5, 11.5, -12]
					},
					"position": {
						"0.0": [1.99817, -5.25373, 1.84543],
						"0.6897": [-1.87939, -1.95655, 0.7999]
					}
				}
			}
		}
	}
}